Protocol,Round,ConsensusError,GradientNorm,Normalized_Energy
Ours,0,10.987895312444518,0.46291533670456914,0.9977196698652234
Ours,1,10.987368520387244,0.32219775494859265,0.9964496374198386
Ours,2,10.986624807679238,0.3260980823317118,0.9951136458079869
Ours,3,10.985839033827203,0.32892769407196254,0.9937759237361812
Ours,4,10.985059634573268,0.3288596145414889,0.9924413503729801
Ours,5,10.984281244875598,0.32879189669793,0.991109012796928
Ours,6,10.983504712096208,0.3287245368592761,0.9897783587956798
Ours,7,10.982730534237641,0.3286575313987225,0.9884490175124615
Ours,8,10.981959033379097,0.3285908767435792,0.9871207235773132
Ours,9,10.981190429224391,0.32852456937420704,0.9857932794402511
Ours,10,10.980424875729788,0.328458605822979,0.9844665340904512
Ours,11,10.979662481863853,0.3283929826732678,0.9831403698533766
Ours,12,10.97890332452215,0.3283276965584574,0.9818146936506433
Ours,13,10.97814745709252,0.3282627441609778,0.9804894309472614
Ours,14,10.977394915390807,0.3281981222113637,0.9791645214227487
Ours,15,10.976645721904568,0.3281338274873352,0.9778399158004367
Ours,16,10.975899888896647,0.32806985681290024,0.9765155734820854
Ours,17,10.975157420715174,0.3280062070574779,0.9751914607571311
Ours,18,10.974418315536766,0.327942875135043,0.9738675494302634
Ours,19,10.973682566697684,0.3278798580032901,0.9725438157584223
Ours,20,10.97295016372031,0.3278171526628169,0.9712202396197104
Ours,21,10.972221093111825,0.32775475615632715,0.9698968038580751
Ours,22,10.971495338990751,0.3276926655678511,0.9685734937625257
Ours,23,10.970772883581906,0.32763087802198426,0.9672502966502691
Ours,24,10.970053707610083,0.3275693906831437,0.9659272015307403
Ours,25,10.969337790615244,0.32750820075484105,0.9646041988331325
Ours,26,10.968625111206121,0.32744730547897144,0.9632812801840727
Ours,27,10.967915647265485,0.32738670213511983,0.9619584382252186
Ours,28,10.967209376116939,0.3273263880398811,0.9606356664627963
Ours,29,10.966506274661262,0.327266360546197,0.9593129591428684
Ours,30,10.965806319487976,0.3272066170427065,0.9579903111474323
Ours,31,10.965109486967206,0.32714715495311136,0.9566677179074822
Ours,32,10.96441575332547,0.32708797173555565,0.9553451753299336
Ours,33,10.963725094708279,0.3270290648820181,0.9540226797359616
Ours,34,10.963037487232194,0.3269704319177188,0.9527002278087354
Ours,35,10.96235290702784,0.326912070400538,0.9513778165489648
Ours,36,10.96167133027586,0.32685397792044774,0.9500554432369235
Ours,37,10.960992733236731,0.3267961520989561,0.9487331053999059
Ours,38,10.960317092275565,0.32673859058856264,0.9474108007842136
Ours,39,10.959644383882882,0.32668129107222627,0.9460885273309789
Ours,40,10.95897458469167,0.3266242512628439,0.9447662831552072
Ours,41,10.95830767149178,0.3265674689027403,0.9434440665275458
Ours,42,10.957643621241619,0.32651094176316914,0.9421218758583931
Ours,43,10.956982411077938,0.3264546676438235,0.9407997096839668
Ours,44,10.95632401832375,0.3263986443723581,0.9394775666540783
Ours,45,10.955668420494895,0.3263428698039199,0.9381554455213525
Ours,46,10.955015595305197,0.3262873418206901,0.9368333451317028
Ours,47,10.954365520670619,0.3262320583314338,0.935511264415879
Ours,48,10.953718174712522,0.3261770172710607,0.9341892023819532
Ours,49,10.953073535760117,0.3261222166001934,0.9328671581086144
Ours,50,10.952471464477032,0.32606765430474594,0.931545131751435
Ours,51,10.951871888822017,0.3260133283955093,0.9302231225080504
Ours,52,10.951274789539617,0.32595923690774636,0.9289011296306056
Ours,53,10.950680147537133,0.32590537790079527,0.9275791524213863
Ours,54,10.95008794388743,0.3258517494576797,0.9262571902288695
Ours,55,10.949498159831046,0.32579834968472793,0.924935242444148
Ours,56,10.948910776778026,0.32574517671119896,0.9236133084976837
Ours,57,10.948325776309156,0.32569222868891656,0.922291387856352
Ours,58,10.947743140176861,0.3256395037919097,0.9209694800207473
Ours,59,10.947162850305899,0.32558700021606113,0.9196475845227288
Ours,60,10.946584888793577,0.3255347161787623,0.9183257009231639
Ours,61,10.946009237909855,0.32548264991857473,0.917003828809872
Ours,62,10.945435880097223,0.3254307996948988,0.9156819677957244
Ours,63,10.944864797970281,0.3253791637876483,0.9143601175169118
Ours,64,10.944295974315214,0.32532774049693153,0.9130382776313365
Ours,65,10.943729392089194,0.32527652814273844,0.9117164478171368
Ours,66,10.943165034419462,0.32522552506463415,0.9103946277713242
Ours,67,10.94260288460247,0.3251747296214576,0.9090728172085253
Ours,68,10.942042926102832,0.325124140191027,0.9077510158598143
Ours,69,10.941485142552164,0.32507375516984954,0.9064292234716337
Ours,70,10.940929517747957,0.32502357297283807,0.9051074398047959
Ours,71,10.94037603565221,0.32497359203303156,0.903785664633554
Ours,72,10.93982468039017,0.3249238108013223,0.9024638977447377
Ours,73,10.939275436248916,0.3248742277461874,0.9011421389369582
Ours,74,10.93872828767594,0.32482484135342504,0.8998203880198566
Ours,75,10.938183219277668,0.3247756501258963,0.8984986448134148
Ours,76,10.937640215817966,0.32472665258327155,0.8971769091473072
Ours,77,10.937099262216602,0.32467784726178117,0.8958551808603009
Ours,78,10.93656034354771,0.3246292327139713,0.8945334597996939
Ours,79,10.936023445038186,0.3245808075084638,0.8932117458207887
Ours,80,10.935488552066138,0.3245325702297207,0.8918900387864093
Ours,81,10.934955650159274,0.3244845194778128,0.8905683385664369
Ours,82,10.934424724993294,0.3244366538681928,0.8892466450373898
Ours,83,10.933895762390248,0.3243889720314719,0.8879249580820222
Ours,84,10.933368748317006,0.3243414726132013,0.8866032775889485
Ours,85,10.932843668883537,0.32429415427365654,0.8852816034523002
Ours,86,10.932320510341356,0.32424701568762665,0.8839599355713901
Ours,87,10.931799259081872,0.3242000555442067,0.882638273850415
Ours,88,10.931279901634863,0.32415327254659376,0.8813166181981669
Ours,89,10.93076242466676,0.3241066654118868,0.8799949685277582
Ours,90,10.930246814979132,0.32406023287089014,0.8786733247563796
Ours,91,10.92973305950706,0.32401397366791995,0.877351686805056
Ours,92,10.929221145317598,0.32396788656061476,0.8760300545984308
Ours,93,10.928711059608158,0.3239219703197485,0.8747084280645516
Ours,94,10.928202789704978,0.3238762237290478,0.8733868071346833
Ours,95,10.927696323061618,0.3238306455850112,0.872065191743119
Ours,96,10.92719164725735,0.3237852346967325,0.8707435818270112
Ours,97,10.926688749995725,0.32373998988572694,0.8694219773262084
Ours,98,10.926187619102976,0.3236949099857599,0.8681003781831051
Ours,99,10.925688242526647,0.32364999384267884,0.8667787843424974
Ours,100,10.925195421038342,0.32360524031424825,0.8654571958579007
Ours,101,10.924704314017136,0.3235606482699875,0.8641356126781612
Ours,102,10.924214909870457,0.32351621659101026,0.8628140347541562
Ours,103,10.923727197120138,0.3234719441698687,0.8614924620386759
Ours,104,10.923241164401011,0.3234278299103983,0.8601708944863217
Ours,105,10.922756800459563,0.32338387272756663,0.8588493320534103
Ours,106,10.92227409415257,0.32334007154732375,0.8575277746978748
Ours,107,10.921793034445683,0.3232964253064555,0.856206222379183
Ours,108,10.921313610412227,0.3232529329524397,0.8548846750582533
Ours,109,10.920835811231752,0.3232095934433035,0.8535631326973772
Ours,110,10.920359626188787,0.32316640574748445,0.852241595260145
Ours,111,10.919885044671588,0.3231233688436927,0.8509200627113819
Ours,112,10.919412056170827,0.3230804817207762,0.8495985350170767
Ours,113,10.918940650278355,0.32303774337758806,0.8482770121443276
Ours,114,10.918470816685955,0.32299515282285546,0.8469554940612807
Ours,115,10.918002545184144,0.32295270907505125,0.8456339807370772
Ours,116,10.917535825660934,0.3229104111622676,0.8443124721418009
Ours,117,10.917070648100694,0.3228682581220914,0.8429909682464334
Ours,118,10.916607002582923,0.3228262490014819,0.841669469022806
Ours,119,10.916144879281134,0.32278438285665007,0.8403479744435574
Ours,120,10.915684268461684,0.3227426587529403,0.8390264844820927
Ours,121,10.915225160482644,0.32270107576471335,0.8377049991125497
Ours,122,10.91476754579273,0.3226596329752319,0.8363835183097565
Ours,123,10.914311414930149,0.32261832947654734,0.8350620420492014
Ours,124,10.913856758521577,0.3225771643693883,0.833740570307002
Ours,125,10.913403567281012,0.3225361367630519,0.8324191030598701
Ours,126,10.912951832008805,0.3224952457752948,0.8310976402850886
Ours,127,10.912501543590574,0.3224544905322285,0.8297761819604813
Ours,128,10.912052692996191,0.32241387016821366,0.828454728064389
Ours,129,10.911605271278772,0.3223733838257581,0.8271332785756431
Ours,130,10.911159269573691,0.322333030655415,0.8258118334735454
Ours,131,10.91071467909755,0.3222928098156839,0.8244903927378475
Ours,132,10.910271491147293,0.3222527204729118,0.8231689563487252
Ours,133,10.909829697099179,0.32221276180119707,0.8218475242867656
Ours,134,10.90938928840787,0.3221729329822941,0.8205260965329437
Ours,135,10.908950256605513,0.3221332332055195,0.8192046730686102
Ours,136,10.908512593300799,0.3220936616676601,0.8178832538754698
Ours,137,10.908076290178046,0.3220542175728817,0.8165618389355705
Ours,138,10.907641338996385,0.32201490013263995,0.8152404282312866
Ours,139,10.907207731588771,0.3219757085655918,0.813919021745305
Ours,140,10.906775459861215,0.32193664209750894,0.8125976194606126
Ours,141,10.906344515791888,0.3218976999611921,0.8112762213604836
Ours,142,10.90591489143025,0.3218588813963869,0.8099548274284687
Ours,143,10.905486578896275,0.32182018564970083,0.8086334376483838
Ours,144,10.905059570379604,0.32178161197452115,0.807312052004297
Ours,145,10.904633858138732,0.32174315963093486,0.8059906704805219
Ours,146,10.90420943450024,0.321704827885649,0.8046692930616061
Ours,147,10.903786291857948,0.32166661601191243,0.8033479197323239
Ours,148,10.903364422672242,0.32162852328943875,0.8020265504776668
Ours,149,10.90294381946919,0.3215905490043306,0.8007051852828342
Ours,150,10.902524859152518,0.32155269244900436,0.7993838241404079
Ours,151,10.902107148965955,0.3215149529221171,0.7980624670359633
Ours,152,10.901690681634358,0.3214773297284932,0.7967411139552631
Ours,153,10.901275449945317,0.321439822179053,0.7954197648842494
Ours,154,10.900861446748488,0.32140242959074244,0.7940984198090406
Ours,155,10.900448664954821,0.3213651512864632,0.7927770787159232
Ours,156,10.90003709753597,0.321327986595004,0.7914557415913447
Ours,157,10.899626737523468,0.32129093485097343,0.7901344084219128
Ours,158,10.899217578008203,0.321253995394733,0.7888130791943867
Ours,159,10.898809612139635,0.3212171675723315,0.7874917538956728
Ours,160,10.898402833125202,0.3211804507354402,0.7861704325128201
Ours,161,10.897997234229692,0.3211438442412892,0.7848491150330174
Ours,162,10.897592808774524,0.32110734745260433,0.7835278014435874
Ours,163,10.897189550137204,0.32107095973754496,0.7822064917319821
Ours,164,10.896787451750653,0.3210346804696433,0.7808851858857818
Ours,165,10.896386507102616,0.3209985090277433,0.7795638838926877
Ours,166,10.895986709735059,0.320962444795942,0.7782425857405224
